{"color":{"r":0.7358490228652954,"g":0.34362760186195376,"b":0.34362760186195376,"a":0.0},"pos":{"x":2.0,"y":2.0,"z":1.0},"stage":5}